p actual [kPa],if tension [mN/m],solubility [w/w],specific volume (fit) [mL/g],co2 density [g/mL]
101.0031724,29.459,0.002793325,0.993724493,0.001765671
1010.149886,25.527,0.029061155,0.991590943,0.018450896
2525.810252,19.318,0.077867435,0.987556535,0.050231398
5052.241209,10.767,0.172982619,0.979634115,0.119445779
