p actual [kPa],if tension [mN/m],solubility [w/w],specific volume (fit) [mL/g],co2 density [g/mL]
101.00317236,29.459,0.002793325323134225,0.9937244933608363,0.0017656705349870933
1010.1498864120001,25.527,0.029061155192002325,0.9915909425992422,0.01845089598121334
2525.8102522490003,19.317999999999998,0.07786743527274874,0.9875565348339488,0.050231398210716025
5052.241209289001,10.767000000000001,0.17298261942788756,0.9796341151241098,0.11944577901764203
