p actual [kPa],if tension [mN/m],solubility [w/w],specific volume (fit) [mL/g],co2 density [g/mL]
101.120629862,29.28,0.002886825902614481,0.9196912493651094,0.0017678228805857717
1011.247182091,25.465,0.0299097574155454,0.9193853002911351,0.018473770984839155
2528.182332945,19.32,0.07953229207208792,0.9188576011254207,0.05029775613526354
5055.491042291,10.746,0.1741792898660101,0.9181443041603464,0.11944577901764707
