p actual [kPa],if tension [mN/m],solubility [w/w],specific volume (fit) [mL/g],co2 density [g/mL]
101.259744,28.03,0.003164725,0.882752308,0.001770372
1012.569854,24.51,0.032777606,0.883655076,0.018501344
2531.155449,18.69,0.087148138,0.885443502,0.050380928
5059.99512,10.387,0.191060533,0.889540339,0.119445779
