p actual [kPa],if tension [mN/m],solubility [w/w],specific volume (fit) [mL/g],co2 density [g/mL]
735.016896007,29.105,0.03214486055807177,1.0732842634872386,0.013383631282767091
1627.497158122,25.991,0.07534082113781976,1.0675220958794547,0.03132055486105181
3107.729859679,20.71,0.15733428686374734,1.0567461694897529,0.06651034583156404
5546.3953989990005,12.549,0.27615076063828436,1.0414188873555965,0.11944577901764235
