p actual [kPa],if tension [mN/m],solubility [w/w],specific volume (fit) [mL/g],co2 density [g/mL]
104.58110065700001,29.138,0.0030632135205032694,0.8776866186361946,0.0018312341481431676
1045.757112424,25.537,0.03174392656938947,0.8785678533471475,0.019193189457560614
2613.6664920910002,19.633000000000003,0.08444482574052758,0.8803021556344949,0.05268913826327988
5220.258645878001,11.272,0.17697181403491724,0.883806799378956,0.11944577901763961
