p actual [kPa],if tension [mN/m],solubility [w/w],specific volume (fit) [mL/g],co2 density [g/mL]
101.29119209900001,25.823999999999998,0.003542109374834423,0.9364553364014752,0.0017709483419123258
1012.914759845,22.664,0.03683433664443056,0.9360456012046535,0.01850853449289005
2532.1125650550002,17.389000000000003,0.09866741257329875,0.9354150125971143,0.050407702667119435
5061.832992153,9.702,0.21926212543201024,0.9350132301086427,0.11944577901764454
