p actual [kPa],if tension [mN/m],solubility [w/w],specific volume (fit) [mL/g],co2 density [g/mL]
101.33528113,26.426000000000002,0.0034551593096501508,0.8902974725572329,0.0017717562497108048
1013.2962914579999,23.205,0.035835911675889766,0.8912952030905702,0.01851648817137136
2532.812538521,17.794999999999998,0.09555744417644202,0.8933223849017675,0.05042728412002629
5062.450897162,9.908,0.2108182439297171,0.8982017520503578,0.11944577901764615
