p actual [kPa],if tension [mN/m],solubility [w/w],specific volume (fit) [mL/g],co2 density [g/mL]
101.25974402300001,28.03,0.0031647254246305588,0.8827523079083245,0.0017703720728212864
1012.569853554,24.51,0.032777606130606596,0.8836550764713221,0.0185013443318352
2531.155448802,18.689999999999998,0.0871481384473294,0.8854435020006598,0.05038092775672104
5059.995119828,10.387,0.19106053327881595,0.889540339257287,0.11944577901764403
