p actual [kPa],if tension [mN/m],solubility [w/w],specific volume (fit) [mL/g],co2 density [g/mL]
101.21176670599999,29.057,0.0029905285181604873,0.8782665055848358,0.0017694929142727427
1012.103059227,25.338,0.030939549876570563,0.8791123119212559,0.018491613206369842
2530.062105411,19.258,0.08207667689952498,0.8807618835400656,0.05035034195145161
5058.2225331849995,10.696000000000002,0.179092084780554,0.8844232691946968,0.11944577901764081
