p actual [kPa],if tension [mN/m],solubility [w/w],specific volume (fit) [mL/g],co2 density [g/mL]
101.206999064,29.089,0.0029757161645998197,0.8779772284545511,0.0017694055497940071
1012.055614962,25.368000000000002,0.030782327693862174,0.8788241393577422,0.018490624149588776
2529.94584277,19.282,0.08163810549204263,0.880472725116563,0.05034708955469792
5058.011022699,10.712,0.1780383795052552,0.8841173812353055,0.1194457790176427
