p actual [kPa],if tension [mN/m],solubility [w/w],specific volume (fit) [mL/g],co2 density [g/mL]
101.291681529,23.781,0.0039555447795040525,1.0156267533872825,0.0017709573104555448
1012.989861547,20.908,0.04136598310148817,1.012639501808164,0.018510100116209762
2532.559577476,16.091,0.11189979976408773,1.0070710384435229,0.05042020764494522
5063.014402971001,8.994,0.25239956843248573,0.9967998605984342,0.11944577901764665
