p actual [kPa],if tension [mN/m],solubility [w/w],specific volume (fit) [mL/g],co2 density [g/mL]
101.10475995000002,36.117000000000004,0.0021661992620525257,0.7534669469001101,0.001767532072977512
1010.9618536030001,31.183,0.02215424969414838,0.7560152707779364,0.01846782282490139
2526.9424793380003,23.456,0.057471920025156914,0.7605934932818972,0.05026307177050238
5051.470083169001,13.196,0.11991597289587645,0.7689503196034343,0.1194457790176421
