p actual [kPa],if tension [mN/m],solubility [w/w],specific volume (fit) [mL/g],co2 density [g/mL]
101.218246166,29.112,0.0030083942541742747,0.877735059476471,0.0017725692928693114
1012.1714333140001,25.356,0.03114202961301373,0.8785861344172594,0.0185282491626112
2530.2474163770003,19.219,0.08270752282587511,0.8802481842833945,0.05047956429678057
5058.6210106300005,10.588000000000001,0.18088055963086713,0.8839534581751244,0.11995345384849516
