prop,p,dp
D0 [m^2/s],1.0904173355984365e-10,1.0904173355984365e-10
A,2.6223001018626978e-11,3.532820853094616e-11
k,0.6792319994561485,0.7612561737363701
