prop,p,dp
D0 [m^2/s],5e-10,5e-10
A,5.38545811227961e-12,4.397501800320141e-11
k,0.9735251197589442,0.5280914973673619
