p [kPa],if tension [mN/m],solub [w/w],spec vol [mL/g],co2 density [g/mL]
352.76457295800003,34.201,0.010836066529963148,0.8673764484270091,0.006529981007920302
1249.050334155,29.326,0.03960598726861751,0.8681413681976914,0.024056796808712484
2742.544492496,21.682,0.09333431851462945,0.8696743899433729,0.05836187708003852
5230.438040062,11.225000000000001,0.18922484597351302,0.8728050938659829,0.1263591566065892
