p [kPa],if tension [mN/m],solub [w/w],spec vol [mL/g],co2 density [g/mL]
99.996773281,33.387,0.0020758001129983533,0.8608292260511977,0.0017472879406241172
999.9677328180001,28.93,0.021249468258090945,0.8614356838281844,0.018238712974777013
2499.919332048,21.872,0.05521610123237654,0.8625204293266581,0.04950768598181515
4999.838664097,12.326,0.11686355933045806,0.8645570321179162,0.11944126571600855
