p [kPa],if tension [mN/m],solub [w/w],spec vol [mL/g],co2 density [g/mL]
99.99677328300001,31.129,0.0010842342172093183,0.8813918604756558,0.0015939918067175852
999.96773282,28.721,0.010837925414997375,0.8817120553975564,0.016460266629812995
2499.9193320490003,24.549999999999997,0.02699470985011589,0.8822296131568348,0.04363949739240769
4999.838664096,18.357,0.05305407975286301,0.883005277334661,0.09808744052469254
6999.774129732,14.232,0.07221457387238685,0.8834798442309405,0.1545896090418113
7999.741862553001,12.463999999999999,0.08087113583935444,0.8836405187355701,0.18976192901270955
