p [kPa],if tension [mN/m],solub [w/w],spec vol [mL/g]
101.2926784,28.646,0.003272582437562551,0.8827512859787967
1012.912512858,24.904,0.03395276035050218,0.883561257756027
2532.060753427,18.836,0.09059037120330465,0.8852064571553407
5061.856732356,10.302999999999999,0.20009198449590995,0.8891820743231218
