p actual [kPa],if tension [mN/m],solubility [w/w],specific volume (fit) [mL/g]
100.704224,27.542,0.001841582,1.017259421
1007.012937,25.15,0.018656914,1.015861051
2517.3577,21.138,0.047572843,1.013445779
5033.76245,15.309,0.09683337,1.009311306
