p actual [kPa],if tension [mN/m],solubility [w/w],specific volume (fit) [mL/g],co2 density [g/mL]
100.74651638200001,29.567,0.0016572159008451921,0.8878569968327101,0.0016063232684909285
1007.389316623,27.023,0.016714261231388822,0.8883705871905417,0.016594694843644415
2518.1061490330003,22.726,0.0422926834380996,0.8892629179140613,0.044035310996270734
5034.650854062999,16.462999999999997,0.0849639267013684,0.8908040350270391,0.09809095442038097
