p actual [kPa],if tension [mN/m],solubility [w/w],specific volume (fit) [mL/g],co2 density [g/mL]
100.704223998,27.542,0.001841581720322348,1.0172594206956682,0.001605624654327702
1007.012937447,25.15,0.01865691377767513,1.0158610513837605,0.01658787481296214
2517.357700251,21.138,0.047572843117044225,1.013445779187867,0.04401900978320279
5033.762449607,15.309,0.09683337028369292,1.0093113059509167,0.09809095442038014
