p actual [kPa],if tension [mN/m],solubility [w/w],specific volume (fit) [mL/g],co2 density [g/mL]
100.762891559,33.467999999999996,0.0014109769308215422,0.7720159978377895,0.0016065937647241106
1007.5199207430001,30.577,0.014178378340302998,0.7737368698271028,0.016597061404182788
2518.3000150830003,25.712,0.035645652745152946,0.7766565690782651,0.044039533398475744
5034.642059500001,18.701,0.07081284499787313,0.7814984254655534,0.09809095442037916
