p actual [kPa],if tension [mN/m],solubility [w/w],specific volume (fit) [mL/g],co2 density [g/mL]
101.24966759300001,29.503999999999998,0.0031176537029161382,0.8790014774761126,0.0017737391295833712
1012.493153956,25.593999999999998,0.03231323138960743,0.879768614355496,0.018542037894953546
2531.0762018749997,19.307000000000002,0.08603983839168498,0.8813028592495786,0.05052780888088316
5060.272537474,10.562,0.18922102640664423,0.884898970170076,0.12005583767118386
