p actual [kPa],if tension [mN/m],solubility [w/w],specific volume (fit) [mL/g],co2 density [g/mL]
101.2926784,28.646,0.003272582437562551,0.8827512859787967,0.0017745290928985107
1012.912512858,24.904,0.03395276035050218,0.883561257756027,0.018550808622873786
2532.060753427,18.836,0.09059037120330465,0.8852064571553407,0.05055553510261004
5061.856732356,10.302999999999999,0.20009198449590995,0.8891820743231218,0.12005583767118293
