p [kPa],if tension [mN/m],solub [w/w],spec vol [mL/g],co2 density [g/mL]
99.99677328199999,27.221,0.0018445450374141362,0.8978173324315593,0.0015939918067165958
999.967732821,24.947,0.018637099818584937,0.898453638593033,0.016460266629830335
2499.919332047,21.044,0.04732368338920502,0.8995793976998165,0.04363949739237066
4999.838664095,15.261999999999999,0.09641465524317011,0.9016260514371823,0.09808744052467434
7999.741862552,9.75,0.15419028086527808,0.9041905971172696,0.18976312031709394
9999.67732819,7.027,0.18798742884577108,0.9056440273854238,0.28300388925236036
