p [kPa],if tension [mN/m],solub [w/w],spec vol [mL/g],co2 density [g/mL]
99.99677328199999,25.596,0.002297511564986332,0.9134445708917929,0.001593991806717563
999.967732819,23.333,0.0232991033987334,0.9141332059880255,0.016460266629796286
2499.9193320490003,19.560000000000002,0.0595671600525516,0.915423653693287,0.04363949739240687
4999.838664096,13.965,0.12304984846256059,0.9180369216505324,0.09808744052469456
7999.741862553001,8.609,0.20105509870052918,0.9219498281563684,0.18976312031761366
9999.67732819,5.946,0.2492182014869083,0.9247047252869697,0.2830038893723178
