p [kPa],if tension [mN/m],solub [w/w],spec vol [mL/g],co2 density [g/mL]
99.996773284,19.102,0.004535129097695083,0.9824935344368535,0.0015241314372710737
999.967732821,17.073999999999998,0.04812816952352088,0.9833115953053178,0.01639359653817168
2499.919332048,13.839,0.12457594820211657,0.9856810256320482,0.043594326179245524
4999.838664096,9.039,0.26377022890109497,0.9940591322177066,0.09821369576084574
7999.741862552,4.328,0.4551906461248708,1.0196719687912914,0.19145263265573842
